phone,message
+7700000001,"Парковка №1806, Алатауский, платная, мест: 200. https://2gis.kz/almaty/firm/9430468308963242"
+7700000002,"Парковка №9008, Алатауский, платная, мест: 50. https://2gis.kz/almaty/firm/9430468308963264"
+7700000003,"Платная парковка, Алмалинский, платная, мест: 6. https://2gis.kz/almaty/firm/70030077053194322"
+7700000004,"Парковка №2002, Алмалинский, бесплатная, мест: 18. https://2gis.kz/almaty/firm/70030076154569439"
+7700000005,"Парковка №2002, Алмалинский, бесплатная, мест: 10. https://2gis.kz/almaty/firm/70030076390312214"
+7700000006,"Парковка №2002, Алмалинский, бесплатная, мест: 10. https://2gis.kz/almaty/firm/70030076979081341"
+7700000007,"Парковка №2004, Алмалинский, платная, мест: 5. https://2gis.kz/almaty/firm/9430468311097797"
+7700000008,"Парковка №2004, Алмалинский, платная, мест: 10. https://2gis.kz/almaty/firm/9430468281762237"
+7700000009,"Парковка №2004, Алмалинский, платная, мест: 10. https://2gis.kz/almaty/firm/9430468311097784"
+7700000010,"Парковка №2004, Алмалинский, платная, мест: 10. https://2gis.kz/almaty/firm/9430468311097903"
+7700000011,"Парковка №2004, Алмалинский, платная, мест: 15. https://2gis.kz/almaty/firm/9430468311097999"
+7700000012,"Парковка №2004, Алмалинский, платная, мест: 5. https://2gis.kz/almaty/firm/9430468311123692"
+7700000013,"Парковка №2004, Алмалинский, платная, мест: 35. https://2gis.kz/almaty/firm/70030076170924784"
+7700000014,"Парковка №2004, Алмалинский, платная, мест: 30. https://2gis.kz/almaty/firm/70030076189254757"
+7700000015,"Парковка №2004, Алмалинский, платная, мест: 20. https://2gis.kz/almaty/firm/70030076306415929"
+7700000016,"Парковка №2004, Алмалинский, платная, мест: 10. https://2gis.kz/almaty/firm/70030076845522303"
+7700000017,"Парковка №2004, Алмалинский, платная, мест: 10. https://2gis.kz/almaty/firm/70030076895403932"
+7700000018,"Парковка №2004, Алмалинский, платная, мест: 7. https://2gis.kz/almaty/firm/70030076895403995"
+7700000019,"Парковка №2004, Алмалинский, платная, мест: 25. https://2gis.kz/almaty/firm/70030076895404081"
+7700000020,"Парковка №2004, Алмалинский, платная, мест: 12. https://2gis.kz/almaty/firm/70030076895404083"
+7700000021,"Парковка №2004, Алмалинский, платная, мест: 10. https://2gis.kz/almaty/firm/70030076895404087"
+7700000022,"Парковка №2004, Алмалинский, платная, мест: 15. https://2gis.kz/almaty/firm/70030076895404092"
+7700000023,"Парковка №2004, Алмалинский, платная, мест: 10. https://2gis.kz/almaty/firm/70030076979112659"
+7700000024,"Парковка №2004, Алмалинский, платная, мест: 15. https://2gis.kz/almaty/firm/70030076979113932"
+7700000025,"Парковка №2004, Алмалинский, платная, мест: 10. https://2gis.kz/almaty/firm/9430468311097981"
+7700000026,"Парковка №2004, Алмалинский, платная, мест: 10. https://2gis.kz/almaty/firm/9430468311098015"
+7700000027,"Парковка №2004, Алмалинский, платная, мест: 15. https://2gis.kz/almaty/firm/9430468311112227"
+7700000028,"Парковка №2004, Алмалинский, платная, мест: 15. https://2gis.kz/almaty/firm/70030076170927430"
+7700000029,"Парковка №2004, Алмалинский, платная, мест: 12. https://2gis.kz/almaty/firm/70030076895404077"
+7700000030,"Парковка №2004, Алмалинский, платная, мест: 10. https://2gis.kz/almaty/firm/70030076315461957"
+7700000031,"Парковка №2004, Алмалинский, платная, мест: 10. https://2gis.kz/almaty/firm/70030076895404029"
+7700000032,"Парковка №2005, Алмалинский, платная, мест: 10. https://2gis.kz/almaty/firm/70030076197615873"
+7700000033,"Парковка №2005, Алмалинский, платная, мест: 15. https://2gis.kz/almaty/firm/70030076286241950"
+7700000034,"Парковка №2005, Алмалинский, платная, мест: 15. https://2gis.kz/almaty/firm/9430468311095571"
+7700000035,"Парковка №2005, Алмалинский, платная, мест: 20. https://2gis.kz/almaty/firm/9430468311097914"
+7700000036,"Парковка №2005, Алмалинский, платная, мест: 8. https://2gis.kz/almaty/firm/9430468311112467"
+7700000037,"Парковка №2005, Алмалинский, платная, мест: 15. https://2gis.kz/almaty/firm/70030076155373946"
+7700000038,"Парковка №2005, Алмалинский, платная, мест: 10. https://2gis.kz/almaty/firm/70030076979514756"
+7700000039,"Парковка №2005, Алмалинский, платная, мест: 20. https://2gis.kz/almaty/firm/70030076979520464"
+7700000040,"Парковка №2005, Алмалинский, платная, мест: 10. https://2gis.kz/almaty/firm/9430468311133784"
+7700000041,"Парковка №2005, Алмалинский, платная, мест: 10. https://2gis.kz/almaty/firm/70030076144251737"
+7700000042,"Парковка №2005, Алмалинский, платная, мест: 20. https://2gis.kz/almaty/firm/70030076861614571"
+7700000043,"Парковка №2005, Алмалинский, платная, мест: 20. https://2gis.kz/almaty/firm/70030076130103092"
+7700000044,"Парковка №2005, Алмалинский, платная, мест: 15. https://2gis.kz/almaty/firm/70030076197619606"
+7700000045,"Парковка №2005, Алмалинский, платная, мест: 30. https://2gis.kz/almaty/firm/70030076300257145"
+7700000046,"Парковка №2005, Алмалинский, платная, мест: 15. https://2gis.kz/almaty/firm/70030076520656797"
+7700000047,"Парковка №2005, Алмалинский, платная, мест: 20. https://2gis.kz/almaty/firm/70030076130101622"
+7700000048,"Парковка №2005, Алмалинский, платная, мест: 12. https://2gis.kz/almaty/firm/70030077012022287"
+7700000049,"Парковка №2005, Алмалинский, платная, мест: 12. https://2gis.kz/almaty/firm/70030077012038512"
+7700000050,"Парковка №2006, Алмалинский, платная, мест: 20. https://2gis.kz/almaty/firm/9430468281762059"
+7700000051,"Парковка №2006, Алмалинский, платная, мест: 30. https://2gis.kz/almaty/firm/70030076216210336"
+7700000052,"Парковка №2006, Алмалинский, платная, мест: 50. https://2gis.kz/almaty/firm/9430468309635491"
+7700000053,"Парковка №2006, Алмалинский, платная, мест: 25. https://2gis.kz/almaty/firm/9430468309635503"
+7700000054,"Парковка №2006, Алмалинский, платная, мест: 25. https://2gis.kz/almaty/firm/9430468309635513"
+7700000055,"Парковка №2006, Алмалинский, платная, мест: 30. https://2gis.kz/almaty/firm/9430468309635856"
+7700000056,"Парковка №2006, Алмалинский, платная, мест: 30. https://2gis.kz/almaty/firm/9430468311052446"
+7700000057,"Парковка №2006, Алмалинский, платная, мест: 7. https://2gis.kz/almaty/firm/70030076216210373"
+7700000058,"Парковка №2006, Алмалинский, платная, мест: 20. https://2gis.kz/almaty/firm/70030076477122228"
+7700000059,"Парковка №2006, Алмалинский, платная, мест: 20. https://2gis.kz/almaty/firm/70030076692504647"
+7700000060,"Парковка №2006, Алмалинский, платная, мест: 10. https://2gis.kz/almaty/firm/70030077027598039"
+7700000061,"Парковка №2006, Алмалинский, платная, мест: 20. https://2gis.kz/almaty/firm/70030076165354314"
+7700000062,"Парковка №2006, Алмалинский, платная, мест: 3. https://2gis.kz/almaty/firm/70030076216213047"
+7700000063,"Парковка №2006, Алмалинский, платная, мест: 7. https://2gis.kz/almaty/firm/70030076743539367"
+7700000064,"Парковка №2006, Алмалинский, платная, мест: 7. https://2gis.kz/almaty/firm/70030076743539467"
+7700000065,"Парковка №2006, Алмалинский, платная, мест: 5. https://2gis.kz/almaty/firm/70030076979034037"
+7700000066,"Парковка №2006, Алмалинский, платная, мест: 8. https://2gis.kz/almaty/firm/70030076979034124"
+7700000067,"Парковка №2006, Алмалинский, платная, мест: 50. https://2gis.kz/almaty/firm/70030076153401935"
+7700000068,"Парковка №2006, Алмалинский, платная, мест: 15. https://2gis.kz/almaty/firm/70030076191588229"
+7700000069,"Парковка №2006, Алмалинский, платная, мест: 15. https://2gis.kz/almaty/firm/70030076977711283"
+7700000070,"Парковка №2006, Алмалинский, платная, мест: 4. https://2gis.kz/almaty/firm/70030076164513422"
+7700000071,"Парковка №2006, Алмалинский, платная, мест: 8. https://2gis.kz/almaty/firm/70030076306352532"
+7700000072,"Парковка №2006, Алмалинский, платная, мест: 36. https://2gis.kz/almaty/firm/70030076479614395"
+7700000073,"Парковка №2006, Алмалинский, платная, мест: 6. https://2gis.kz/almaty/firm/70030076979029995"
+7700000074,"Парковка №2007, Алмалинский, платная, мест: 20. https://2gis.kz/almaty/firm/9430468309635802"
+7700000075,"Парковка №2007, Алмалинский, платная, мест: 5. https://2gis.kz/almaty/firm/70030076844134361"
+7700000076,"Парковка №2007, Алмалинский, платная, мест: 15. https://2gis.kz/almaty/firm/9430468281762067"
+7700000077,"Парковка №2007, Алмалинский, платная, мест: 15. https://2gis.kz/almaty/firm/9430468281762068"
+7700000078,"Парковка №2007, Алмалинский, платная, мест: 30. https://2gis.kz/almaty/firm/9430468309635814"
+7700000079,"Парковка №2007, Алмалинский, платная, мест: 25. https://2gis.kz/almaty/firm/70030076135607642"
+7700000080,"Парковка №2007, Алмалинский, платная, мест: 15. https://2gis.kz/almaty/firm/70030076153408647"
+7700000081,"Парковка №2007, Алмалинский, платная, мест: 20. https://2gis.kz/almaty/firm/70030076165356433"
+7700000082,"Парковка №2007, Алмалинский, платная, мест: 12. https://2gis.kz/almaty/firm/70030076979173048"
+7700000083,"Парковка №2007, Алмалинский, платная, мест: 15. https://2gis.kz/almaty/firm/70030076165690990"
+7700000084,"Парковка №2007, Алмалинский, платная, мест: 10. https://2gis.kz/almaty/firm/70030076165691069"
+7700000085,"Парковка №2007, Алмалинский, платная, мест: 15. https://2gis.kz/almaty/firm/70030076165691072"
+7700000086,"Парковка №2007, Алмалинский, платная, мест: 7. https://2gis.kz/almaty/firm/70030076306285604"
+7700000087,"Парковка №2007, Алмалинский, платная, мест: 12. https://2gis.kz/almaty/firm/70030076695585467"
+7700000088,"Парковка №2008, Алмалинский, платная, мест: 20. https://2gis.kz/almaty/firm/9430468281762245"
+7700000089,"Парковка №2008, Алмалинский, платная, мест: 10. https://2gis.kz/almaty/firm/9430468281762242"
+7700000090,"Парковка №2008, Алмалинский, платная, мест: 10. https://2gis.kz/almaty/firm/9430468281762244"
+7700000091,"Парковка №2008, Алмалинский, платная, мест: 12. https://2gis.kz/almaty/firm/9430468311035092"
+7700000092,"Парковка №2008, Алмалинский, платная, мест: 7. https://2gis.kz/almaty/firm/9430468311036551"
+7700000093,"Парковка №2008, Алмалинский, платная, мест: 40. https://2gis.kz/almaty/firm/70030076130105930"
+7700000094,"Парковка №2008, Алмалинский, платная, мест: 30. https://2gis.kz/almaty/firm/70030076676487058"
+7700000095,"Парковка №2008, Алмалинский, платная, мест: 12. https://2gis.kz/almaty/firm/70030077137645561"
+7700000096,"Парковка №2008, Алмалинский, платная, мест: 20. https://2gis.kz/almaty/firm/70030076190177035"
+7700000097,"Парковка №2008, Алмалинский, платная, мест: 20. https://2gis.kz/almaty/firm/70030076130105592"
+7700000098,"Парковка №2008, Алмалинский, платная, мест: 15. https://2gis.kz/almaty/firm/70030076159890465"
+7700000099,"Парковка №2008, Алмалинский, платная, мест: 15. https://2gis.kz/almaty/firm/70030076159890623"
+7700000100,"Парковка №2008, Алмалинский, платная, мест: 40. https://2gis.kz/almaty/firm/70030076423679481"
+7700000101,"Парковка №2008, Алмалинский, платная, мест: 5. https://2gis.kz/almaty/firm/70030076676487037"
+7700000102,"Парковка №2008, Алмалинский, платная, мест: 5. https://2gis.kz/almaty/firm/70030076676487041"
+7700000103,"Парковка №2008, Алмалинский, платная, мест: 5. https://2gis.kz/almaty/firm/70030076676487043"
+7700000104,"Парковка №2008, Алмалинский, платная, мест: 15. https://2gis.kz/almaty/firm/70030076856185863"
+7700000105,"Парковка №2008, Алмалинский, платная, мест: 15. https://2gis.kz/almaty/firm/70030076980474518"
+7700000106,"Парковка №2008, Алмалинский, платная, мест: 15. https://2gis.kz/almaty/firm/70030076163011103"
+7700000107,"Парковка №2009, Алмалинский, платная, мест: 10. https://2gis.kz/almaty/firm/9430468311102423"
+7700000108,"Парковка №2009, Алмалинский, платная, мест: 5. https://2gis.kz/almaty/firm/9430468312482011"
+7700000109,"Парковка №2009, Алмалинский, платная, мест: 10. https://2gis.kz/almaty/firm/9430468312483066"
+7700000110,"Парковка №2009, Алмалинский, платная, мест: 8. https://2gis.kz/almaty/firm/9430468312483731"
+7700000111,"Парковка №2009, Алмалинский, платная, мест: 6. https://2gis.kz/almaty/firm/9430468312484039"
+7700000112,"Парковка №2009, Алмалинский, платная, мест: 8. https://2gis.kz/almaty/firm/9430468312484496"
+7700000113,"Парковка №2009, Алмалинский, платная, мест: 15. https://2gis.kz/almaty/firm/9430468312507923"
+7700000114,"Парковка №2009, Алмалинский, платная, мест: 15. https://2gis.kz/almaty/firm/9430468309636065"
+7700000115,"Парковка №2009, Алмалинский, платная, мест: 10. https://2gis.kz/almaty/firm/9430468312648127"
+7700000116,"Парковка №2009, Алмалинский, платная, мест: 10. https://2gis.kz/almaty/firm/70030076223368586"
+7700000117,"Парковка №2009, Алмалинский, платная, мест: 6. https://2gis.kz/almaty/firm/70030076281175726"
+7700000118,"Парковка №2009, Алмалинский, платная, мест: 7. https://2gis.kz/almaty/firm/70030076306357044"
+7700000119,"Парковка №2009, Алмалинский, платная, мест: 12. https://2gis.kz/almaty/firm/70030076979613184"
+7700000120,"Парковка №2009, Алмалинский, платная, мест: 5. https://2gis.kz/almaty/firm/70030076979620275"
+7700000121,"Парковка №2009, Алмалинский, платная, мест: 7. https://2gis.kz/almaty/firm/70030076979962065"
+7700000122,"Парковка №2009, Алмалинский, платная, мест: 35. https://2gis.kz/almaty/firm/9430468311100436"
+7700000123,"Парковка №2009, Алмалинский, платная, мест: 20. https://2gis.kz/almaty/firm/9430468311100725"
+7700000124,"Парковка №2009, Алмалинский, платная, мест: 7. https://2gis.kz/almaty/firm/70030076163045398"
+7700000125,"Парковка №2009, Алмалинский, платная, мест: 8. https://2gis.kz/almaty/firm/70030076976519934"
+7700000126,"Парковка №2009, Алмалинский, платная, мест: 7. https://2gis.kz/almaty/firm/70030076980030080"
+7700000127,"Парковка №2009, Алмалинский, платная, мест: 15. https://2gis.kz/almaty/firm/70030076996805522"
+7700000128,"Парковка №2010, Алмалинский, платная, мест: 15. https://2gis.kz/almaty/firm/9430468312490288"
+7700000129,"Парковка №2011, Алмалинский, платная, мест: 7. https://2gis.kz/almaty/firm/70030076155653557"
+7700000130,"Парковка №2013, Алмалинский, платная, мест: 5. https://2gis.kz/almaty/firm/70030076153505974"
+7700000131,"Парковка №2013, Алмалинский, платная, мест: 35. https://2gis.kz/almaty/firm/70030076193412557"
+7700000132,"Парковка №2013, Алмалинский, платная, мест: 20. https://2gis.kz/almaty/firm/70030076313411722"
+7700000133,"Парковка №2013, Алмалинский, платная, мест: 15. https://2gis.kz/almaty/firm/70030076788410387"
+7700000134,"Парковка №2013, Алмалинский, платная, мест: 20. https://2gis.kz/almaty/firm/70030076980486505"
+7700000135,"Парковка №2013, Алмалинский, платная, мест: 10. https://2gis.kz/almaty/firm/70030076980547613"
+7700000136,"Парковка №2013, Алмалинский, платная, мест: 7. https://2gis.kz/almaty/firm/70030076980632887"
+7700000137,"Парковка №2013, Алмалинский, платная, мест: 10. https://2gis.kz/almaty/firm/70030076980650979"
+7700000138,"Парковка №2013, Алмалинский, платная, мест: 10. https://2gis.kz/almaty/firm/70030077027762511"
+7700000139,"Парковка №2014, Алмалинский, платная, мест: 40. https://2gis.kz/almaty/firm/70030077051020057"
+7700000140,"Парковка №2016, Алмалинский, платная, мест: 30. https://2gis.kz/almaty/firm/70030076899743874"
+7700000141,"Парковка №2016, Алмалинский, платная, мест: 15. https://2gis.kz/almaty/firm/9430468312624052"
+7700000142,"Парковка №2016, Алмалинский, бесплатная, мест: 15. https://2gis.kz/almaty/firm/9430468312640923"
+7700000143,"Парковка №2016, Алмалинский, платная, мест: 3. https://2gis.kz/almaty/firm/70030076189204493"
+7700000144,"Парковка №2016, Алмалинский, платная, мест: 20. https://2gis.kz/almaty/firm/70030076193677196"
+7700000145,"Парковка №2016, Алмалинский, платная, мест: 10. https://2gis.kz/almaty/firm/70030076980016292"
+7700000146,"Парковка №2016, Алмалинский, платная, мест: 6. https://2gis.kz/almaty/firm/70030077077201060"
+7700000147,"Парковка №2016, Алмалинский, платная, мест: 30. https://2gis.kz/almaty/firm/9430468312640762"
+7700000148,"Парковка №2016, Алмалинский, бесплатная, мест: 15. https://2gis.kz/almaty/firm/9430468312640764"
+7700000149,"Парковка №2016, Алмалинский, платная, мест: 13. https://2gis.kz/almaty/firm/70030076440939958"
+7700000150,"Парковка №2016, Алмалинский, платная, мест: 9. https://2gis.kz/almaty/firm/70030076663420371"
+7700000151,"Парковка №2017, Алмалинский, платная, мест: 20. https://2gis.kz/almaty/firm/70030076191444998"
+7700000152,"Парковка №2017, Алмалинский, платная, мест: 10. https://2gis.kz/almaty/firm/9430468281762246"
+7700000153,"Парковка №2017, Алмалинский, платная, мест: 30. https://2gis.kz/almaty/firm/9430468309635925"
+7700000154,"Парковка №2017, Алмалинский, платная, мест: 25. https://2gis.kz/almaty/firm/9430468312477523"
+7700000155,"Парковка №2017, Алмалинский, платная, мест: 4. https://2gis.kz/almaty/firm/9430468312478742"
+7700000156,"Парковка №2017, Алмалинский, платная, мест: 10. https://2gis.kz/almaty/firm/9430468312533497"
+7700000157,"Парковка №2017, Алмалинский, бесплатная, мест: 10. https://2gis.kz/almaty/firm/9430468312533865"
+7700000158,"Парковка №2017, Алмалинский, платная, мест: 20. https://2gis.kz/almaty/firm/9430468312580903"
+7700000159,"Парковка №2017, Алмалинский, платная, мест: 6. https://2gis.kz/almaty/firm/9430468312590650"
+7700000160,"Парковка №2017, Алмалинский, платная, мест: 15. https://2gis.kz/almaty/firm/9430468312625302"
+7700000161,"Парковка №2017, Алмалинский, платная, мест: 20. https://2gis.kz/almaty/firm/9430468312627996"
+7700000162,"Парковка №2017, Алмалинский, платная, мест: 20. https://2gis.kz/almaty/firm/9430468312628184"
+7700000163,"Парковка №2017, Алмалинский, платная, мест: 5. https://2gis.kz/almaty/firm/70030076979587052"
+7700000164,"Парковка №2017, Алмалинский, платная, мест: 10. https://2gis.kz/almaty/firm/9430468312627247"
+7700000165,"Парковка №2017, Алмалинский, платная, мест: 8. https://2gis.kz/almaty/firm/70030076421762504"
+7700000166,"Парковка №2017, Алмалинский, платная, мест: 8. https://2gis.kz/almaty/firm/70030076436160579"
+7700000167,"Парковка №2017, Алмалинский, платная, мест: 5. https://2gis.kz/almaty/firm/70030076979587472"
+7700000168,"Парковка №2017, Алмалинский, платная, мест: 15. https://2gis.kz/almaty/firm/70030077147681141"
+7700000169,"Парковка №2017, Алмалинский, платная, мест: 20. https://2gis.kz/almaty/firm/9430468312648862"
+7700000170,"Парковка №2017, Алмалинский, платная, мест: 25. https://2gis.kz/almaty/firm/70030076130106441"
+7700000171,"Парковка №2017, Алмалинский, платная, мест: 5. https://2gis.kz/almaty/firm/70030076177932157"
+7700000172,"Парковка №2017, Алмалинский, платная, мест: 15. https://2gis.kz/almaty/firm/70030076681974327"
+7700000173,"Парковка №2017, Алмалинский, платная, мест: 15. https://2gis.kz/almaty/firm/70030076898249566"
+7700000174,"Парковка №2017, Алмалинский, платная, мест: 3. https://2gis.kz/almaty/firm/70030076979607884"
+7700000175,"Парковка №2017, Алмалинский, платная, мест: 6. https://2gis.kz/almaty/firm/70030077147680974"
+7700000176,"Парковка №2018, Алмалинский, платная, мест: 20. https://2gis.kz/almaty/firm/9430468312588794"
+7700000177,"Парковка №2018, Алмалинский, платная, мест: 15. https://2gis.kz/almaty/firm/9430468312585567"
+7700000178,"Парковка №2018, Алмалинский, платная, мест: 15. https://2gis.kz/almaty/firm/9430468312588751"
+7700000179,"Парковка №2018, Алмалинский, платная, мест: 7. https://2gis.kz/almaty/firm/9430468312588800"
+7700000180,"Парковка №2018, Алмалинский, платная, мест: 20. https://2gis.kz/almaty/firm/70030076150156178"
+7700000181,"Парковка №2018, Алмалинский, бесплатная, мест: 15. https://2gis.kz/almaty/firm/70030076208619045"
+7700000182,"Парковка №2018, Алмалинский, платная, мест: 15. https://2gis.kz/almaty/firm/70030076172226344"
+7700000183,"Парковка №2018, Алмалинский, платная, мест: 10. https://2gis.kz/almaty/firm/70030076157506637"
+7700000184,"Парковка №2018, Алмалинский, платная, мест: 10. https://2gis.kz/almaty/firm/70030076191585232"
+7700000185,"Парковка №2018, Алмалинский, платная, мест: 15. https://2gis.kz/almaty/firm/70030076216211980"
+7700000186,"Парковка №2018, Алмалинский, платная, мест: 25. https://2gis.kz/almaty/firm/70030076192074635"
+7700000187,"Парковка №2018, Алмалинский, платная, мест: 5. https://2gis.kz/almaty/firm/70030076197679569"
+7700000188,"Парковка №2018, Алмалинский, платная, мест: 10. https://2gis.kz/almaty/firm/70030076428575202"
+7700000189,"Парковка №2018, Алмалинский, платная, мест: 3. https://2gis.kz/almaty/firm/70030076979928053"
+7700000190,"Парковка №2018, Алмалинский, платная, мест: 5. https://2gis.kz/almaty/firm/70030076979928109"
+7700000191,"Парковка №2018, Алмалинский, платная, мест: 3. https://2gis.kz/almaty/firm/70030076979928128"
+7700000192,"Парковка №2021, Алмалинский, платная, мест: 20. https://2gis.kz/almaty/firm/70030076187658695"
+7700000193,"Парковка №2021, Алмалинский, платная, мест: 20. https://2gis.kz/almaty/firm/70030076980029971"
+7700000194,"Парковка №2024, Алмалинский, платная, мест: 100. https://2gis.kz/almaty/firm/9430468281762015"
+7700000195,"Парковка №2025, Алмалинский, платная, мест: 50. https://2gis.kz/almaty/firm/70030076996909192"
+7700000196,"Парковка №2041, Алмалинский, платная, мест: 15. https://2gis.kz/almaty/firm/9430468312264562"
+7700000197,"Парковка №2042, Алмалинский, платная, мест: 20. https://2gis.kz/almaty/firm/70030076166435430"
+7700000198,"Парковка №2042, Алмалинский, платная, мест: 20. https://2gis.kz/almaty/firm/70030076130098558"
+7700000199,"Парковка №2042, Алмалинский, платная, мест: 10. https://2gis.kz/almaty/firm/70030076177575702"
+7700000200,"Парковка №2042, Алмалинский, платная, мест: 12. https://2gis.kz/almaty/firm/70030076299782405"
+7700000201,"Парковка №2042, Алмалинский, платная, мест: 30. https://2gis.kz/almaty/firm/70030076840151673"
+7700000202,"Парковка №2042, Алмалинский, платная, мест: 5. https://2gis.kz/almaty/firm/70030076945154052"
+7700000203,"Парковка №2042, Алмалинский, платная, мест: 4. https://2gis.kz/almaty/firm/70030076998751920"
+7700000204,"Парковка №2042, Алмалинский, платная, мест: 4. https://2gis.kz/almaty/firm/70030076998754546"
+7700000205,"Парковка №2042, Алмалинский, платная, мест: 10. https://2gis.kz/almaty/firm/70030076998756428"
+7700000206,"Парковка №2042, Алмалинский, платная, мест: 6. https://2gis.kz/almaty/firm/70030076998772158"
+7700000207,"Парковка №2042, Алмалинский, платная, мест: 5. https://2gis.kz/almaty/firm/70030076998811661"
+7700000208,"Парковка №2042, Алмалинский, платная, мест: 3. https://2gis.kz/almaty/firm/70030076998812077"
+7700000209,"Парковка №2042, Алмалинский, платная, мест: 10. https://2gis.kz/almaty/firm/70030076998824476"
+7700000210,"Парковка №2042, Алмалинский, платная, мест: 5. https://2gis.kz/almaty/firm/70030076998825110"
+7700000211,"Парковка №2042, Алмалинский, платная, мест: 15. https://2gis.kz/almaty/firm/70030076998828577"
+7700000212,"Парковка №2042, Алмалинский, платная, мест: 10. https://2gis.kz/almaty/firm/70030076998830393"
+7700000213,"Парковка №2042, Алмалинский, платная, мест: 15. https://2gis.kz/almaty/firm/70030076158974026"
+7700000214,"Парковка №2042, Алмалинский, платная, мест: 15. https://2gis.kz/almaty/firm/70030076164053498"
+7700000215,"Парковка №2042, Алмалинский, платная, мест: 4. https://2gis.kz/almaty/firm/70030076846006810"
+7700000216,"Парковка №2042, Алмалинский, платная, мест: 20. https://2gis.kz/almaty/firm/70030076998741065"
+7700000217,"Парковка №2043, Алмалинский, платная, мест: 5. https://2gis.kz/almaty/firm/70030076306306909"
+7700000218,"Парковка №2043, Алмалинский, платная, мест: 10. https://2gis.kz/almaty/firm/70030076326095737"
+7700000219,"Парковка №2043, Алмалинский, платная, мест: 4. https://2gis.kz/almaty/firm/70030076636887052"
+7700000220,"Парковка №2043, Алмалинский, платная, мест: 8. https://2gis.kz/almaty/firm/70030076998839069"
+7700000221,"Парковка №2043, Алмалинский, платная, мест: 30. https://2gis.kz/almaty/firm/70030076998839647"
+7700000222,"Парковка №2043, Алмалинский, платная, мест: 15. https://2gis.kz/almaty/firm/70030077011391029"
+7700000223,"Парковка №2043, Алмалинский, платная, мест: 15. https://2gis.kz/almaty/firm/70030077011391035"
+7700000224,"Парковка №2043, Алмалинский, платная, мест: 30. https://2gis.kz/almaty/firm/70030076172098445"
+7700000225,"Парковка №2043, Алмалинский, платная, мест: 15. https://2gis.kz/almaty/firm/70030077135689436"
+7700000226,"Парковка №2043, Алмалинский, платная, мест: 20. https://2gis.kz/almaty/firm/70030076172165212"
+7700000227,"Парковка №2043, Алмалинский, платная, мест: 20. https://2gis.kz/almaty/firm/70030076326095738"
+7700000228,"Парковка №2043, Алмалинский, платная, мест: 15. https://2gis.kz/almaty/firm/70030076326177839"
+7700000229,"Парковка №2043, Алмалинский, платная, мест: 20. https://2gis.kz/almaty/firm/70030076998834024"
+7700000230,"Парковка №2043, Алмалинский, платная, мест: 5. https://2gis.kz/almaty/firm/70030076998834083"
+7700000231,"Парковка №2043, Алмалинский, платная, мест: 3. https://2gis.kz/almaty/firm/70030076998834187"
+7700000232,"Парковка №2043, Алмалинский, платная, мест: 3. https://2gis.kz/almaty/firm/70030076998834240"
+7700000233,"Парковка №2043, Алмалинский, платная, мест: 10. https://2gis.kz/almaty/firm/70030076998835282"
+7700000234,"Парковка №2043, Алмалинский, платная, мест: 10. https://2gis.kz/almaty/firm/70030076998835883"
+7700000235,"Парковка №2045, Алмалинский, платная, мест: 15. https://2gis.kz/almaty/firm/9430468281762235"
+7700000236,"Парковка №2045, Алмалинский, платная, мест: 40. https://2gis.kz/almaty/firm/9430468311124635"
+7700000237,"Парковка №2045, Алмалинский, платная, мест: 34. https://2gis.kz/almaty/firm/70030076153879728"
+7700000238,"Парковка №2045, Алмалинский, платная, мест: 20. https://2gis.kz/almaty/firm/70030076155373689"
+7700000239,"Парковка №2045, Алмалинский, платная, мест: 15. https://2gis.kz/almaty/firm/70030076155434645"
+7700000240,"Парковка №2045, Алмалинский, платная, мест: 13. https://2gis.kz/almaty/firm/70030076155438765"
+7700000241,"Парковка №2045, Алмалинский, платная, мест: 20. https://2gis.kz/almaty/firm/70030076155449109"
+7700000242,"Парковка №2045, Алмалинский, платная, мест: 11. https://2gis.kz/almaty/firm/70030076195760553"
+7700000243,"Парковка №2045, Алмалинский, платная, мест: 10. https://2gis.kz/almaty/firm/70030077059700454"
+7700000244,"Парковка №2045, Алмалинский, бесплатная, мест: 4. https://2gis.kz/almaty/firm/9430468311123794"
+7700000245,"Парковка №2045, Алмалинский, платная, мест: 15. https://2gis.kz/almaty/firm/70030076155373708"
+7700000246,"Парковка №2045, Алмалинский, платная, мест: 6. https://2gis.kz/almaty/firm/70030076155434107"
+7700000247,"Парковка №2045, Алмалинский, платная, мест: 12. https://2gis.kz/almaty/firm/70030076261951836"
+7700000248,"Парковка №2045, Алмалинский, платная, мест: 15. https://2gis.kz/almaty/firm/70030076261951837"
+7700000249,"Парковка №2046, Алмалинский, платная, мест: 14. https://2gis.kz/almaty/firm/70030076154856779"
+7700000250,"Парковка №2046, Алмалинский, платная, мест: 30. https://2gis.kz/almaty/firm/70030076143863550"
+7700000251,"Парковка №2046, Алмалинский, платная, мест: 20. https://2gis.kz/almaty/firm/70030076196433049"
+7700000252,"Парковка №2046, Алмалинский, платная, мест: 4. https://2gis.kz/almaty/firm/70030076306346096"
+7700000253,"Парковка №2046, Алмалинский, платная, мест: 7. https://2gis.kz/almaty/firm/70030077014901202"
+7700000254,"Парковка №2046, Алмалинский, платная, мест: 15. https://2gis.kz/almaty/firm/70030076196433258"
+7700000255,"Парковка №2046, Алмалинский, платная, мест: 20. https://2gis.kz/almaty/firm/70030076143862554"
+7700000256,"Парковка №2046, Алмалинский, платная, мест: 50. https://2gis.kz/almaty/firm/70030076154826909"
+7700000257,"Парковка №2046, Алмалинский, платная, мест: 25. https://2gis.kz/almaty/firm/70030076181719098"
+7700000258,"Парковка №2047, Алмалинский, платная, мест: 40. https://2gis.kz/almaty/firm/9430468281761796"
+7700000259,"Парковка №2047, Алмалинский, платная, мест: 15. https://2gis.kz/almaty/firm/70030076143862153"
+7700000260,"Парковка №2047, Алмалинский, платная, мест: 50. https://2gis.kz/almaty/firm/9430468281761797"
+7700000261,"Парковка №2047, Алмалинский, платная, мест: 40. https://2gis.kz/almaty/firm/9430468281761798"
+7700000262,"Парковка №2047, Алмалинский, платная, мест: 25. https://2gis.kz/almaty/firm/9430468281762050"
+7700000263,"Парковка №2047, Алмалинский, платная, мест: 30. https://2gis.kz/almaty/firm/70030076154854839"
+7700000264,"Парковка №2047, Алмалинский, платная, мест: 30. https://2gis.kz/almaty/firm/70030076306416555"
+7700000265,"Парковка №2047, Алмалинский, платная, мест: 15. https://2gis.kz/almaty/firm/9430468311181050"
+7700000266,"Парковка №2047, Алмалинский, платная, мест: 18. https://2gis.kz/almaty/firm/70030076143862471"
+7700000267,"Парковка №2047, Алмалинский, платная, мест: 20. https://2gis.kz/almaty/firm/70030076161476272"
+7700000268,"Парковка №2047, Алмалинский, платная, мест: 50. https://2gis.kz/almaty/firm/70030076163859933"
+7700000269,"Парковка №2047, Алмалинский, платная, мест: 45. https://2gis.kz/almaty/firm/70030076181718791"
+7700000270,"Парковка №2047, Алмалинский, платная, мест: 15. https://2gis.kz/almaty/firm/70030076216213775"
+7700000271,"Парковка №2047, Алмалинский, платная, мест: 40. https://2gis.kz/almaty/firm/70030076166359244"
+7700000272,"Парковка №2047, Алмалинский, платная, мест: 40. https://2gis.kz/almaty/firm/70030076187676301"
+7700000273,"Парковка №2047, Алмалинский, платная, мест: 35. https://2gis.kz/almaty/firm/70030076202496494"
+7700000274,"Паркинг, Ауэзовский, бесплатная, мест: 15. https://2gis.kz/almaty/firm/70030076722567215"
+7700000275,"Паркинг, Ауэзовский, бесплатная, мест: 30. https://2gis.kz/almaty/firm/70030076717603506"
+7700000276,"Автостоянка Car Land Parking, Бостандыкский, платная, мест: 60. https://2gis.kz/almaty/firm/70030076946290553"
+7700000277,"Бесплатная парковка, Бостандыкский, бесплатная, мест: 2. https://2gis.kz/almaty/firm/70030077090496683"
+7700000278,"Бесплатная парковка, Бостандыкский, бесплатная, мест: 6. https://2gis.kz/almaty/firm/70030077090497618"
+7700000279,"Паркинг, Бостандыкский, бесплатная, мест: 12. https://2gis.kz/almaty/firm/70030076707049104"
+7700000280,"Паркинг, Бостандыкский, бесплатная, мест: 5. https://2gis.kz/almaty/firm/70030076707049112"
+7700000281,"Парковка №4001, Бостандыкский, платная, мест: 15. https://2gis.kz/almaty/firm/70030076161354114"
+7700000282,"Парковка №4001, Бостандыкский, платная, мест: 20. https://2gis.kz/almaty/firm/70030076161355529"
+7700000283,"Парковка №4001, Бостандыкский, платная, мест: 20. https://2gis.kz/almaty/firm/70030076161356083"
+7700000284,"Парковка №4002, Бостандыкский, платная, мест: 50. https://2gis.kz/almaty/firm/70030076156383232"
+7700000285,"Парковка №4002, Бостандыкский, платная, мест: 35. https://2gis.kz/almaty/firm/70030076162256656"
+7700000286,"Парковка №4002, Бостандыкский, платная, мест: 10. https://2gis.kz/almaty/firm/70030076165445616"
+7700000287,"Парковка №4002, Бостандыкский, платная, мест: 30. https://2gis.kz/almaty/firm/70030076165459738"
+7700000288,"Парковка №4002, Бостандыкский, платная, мест: 50. https://2gis.kz/almaty/firm/70030076186165864"
+7700000289,"Парковка №4002, Бостандыкский, платная, мест: 15. https://2gis.kz/almaty/firm/70030076263099277"
+7700000290,"Парковка №4002, Бостандыкский, платная, мест: 30. https://2gis.kz/almaty/firm/70030077062985664"
+7700000291,"Парковка №4002, Бостандыкский, платная, мест: 20. https://2gis.kz/almaty/firm/70030077113684036"
+7700000292,"Парковка №4003, Бостандыкский, платная, мест: 30. https://2gis.kz/almaty/firm/9430468281762082"
+7700000293,"Парковка №4004, Бостандыкский, платная, мест: 40. https://2gis.kz/almaty/firm/9430468312621093"
+7700000294,"Парковка №4004, Бостандыкский, платная, мест: 15. https://2gis.kz/almaty/firm/9430468312645144"
+7700000295,"Парковка №4004, Бостандыкский, платная, мест: 20. https://2gis.kz/almaty/firm/9430468312645117"
+7700000296,"Парковка №4004, Бостандыкский, платная, мест: 10. https://2gis.kz/almaty/firm/70030076676054312"
+7700000297,"Парковка №4004, Бостандыкский, платная, мест: 3. https://2gis.kz/almaty/firm/70030076988053064"
+7700000298,"Парковка №4004, Бостандыкский, платная, мест: 22. https://2gis.kz/almaty/firm/70030077027608741"
+7700000299,"Парковка №4004, Бостандыкский, платная, мест: 9. https://2gis.kz/almaty/firm/70030077027726522"
+7700000300,"Парковка №4004, Бостандыкский, платная, мест: 40. https://2gis.kz/almaty/firm/70030076307728498"
+7700000301,"Парковка №4005, Бостандыкский, платная, мест: 14. https://2gis.kz/almaty/firm/70030076126900219"
+7700000302,"Парковка №4005, Бостандыкский, платная, мест: 40. https://2gis.kz/almaty/firm/70030076906863236"
+7700000303,"Парковка №4005, Бостандыкский, платная, мест: 15. https://2gis.kz/almaty/firm/70030076990974867"
+7700000304,"Парковка №4006, Бостандыкский, платная, мест: 4. https://2gis.kz/almaty/firm/70030076187670842"
+7700000305,"Парковка №4012, Бостандыкский, платная, мест: 25. https://2gis.kz/almaty/firm/70030076143856585"
+7700000306,"Парковка №4012, Бостандыкский, платная, мест: 40. https://2gis.kz/almaty/firm/70030076189328355"
+7700000307,"Парковка №4012, Бостандыкский, платная, мест: 5. https://2gis.kz/almaty/firm/70030076991577546"
+7700000308,"Парковка №4028, Бостандыкский, платная, мест: 10. https://2gis.kz/almaty/firm/70030076661624252"
+7700000309,"Парковка №4028, Бостандыкский, платная, мест: 30. https://2gis.kz/almaty/firm/70030076132024985"
+7700000310,"Парковка №4028, Бостандыкский, платная, мест: 3. https://2gis.kz/almaty/firm/70030076132030268"
+7700000311,"Парковка №4028, Бостандыкский, платная, мест: 10. https://2gis.kz/almaty/firm/70030076132030286"
+7700000312,"Парковка №4028, Бостандыкский, платная, мест: 5. https://2gis.kz/almaty/firm/70030076132776432"
+7700000313,"Парковка №4028, Бостандыкский, платная, мест: 10. https://2gis.kz/almaty/firm/70030076278316167"
+7700000314,"Парковка №4028, Бостандыкский, платная, мест: 2. https://2gis.kz/almaty/firm/70030076938432197"
+7700000315,"Парковка №4028, Бостандыкский, платная, мест: 15. https://2gis.kz/almaty/firm/70030076991590296"
+7700000316,"Парковка №4028, Бостандыкский, платная, мест: 5. https://2gis.kz/almaty/firm/70030076992342883"
+7700000317,"Парковка №4028, Бостандыкский, платная, мест: 8. https://2gis.kz/almaty/firm/70030077006911570"
+7700000318,"Парковка №4028, Бостандыкский, платная, мест: 5. https://2gis.kz/almaty/firm/70030077065513644"
+7700000319,"Парковка №4028, Бостандыкский, платная, мест: 5. https://2gis.kz/almaty/firm/70030077065515782"
+7700000320,"Парковка №4029, Бостандыкский, платная, мест: 15. https://2gis.kz/almaty/firm/9430468281762195"
+7700000321,"Парковка №9004, Бостандыкский, платная, мест: 166. https://2gis.kz/almaty/firm/70030076131244061"
+7700000322,"Парковка №1003, Жетысуский, бесплатная, мест: 50. https://2gis.kz/almaty/firm/70030076130494157"
+7700000323,"Парковка №5033, Жетысуский, платная, мест: 30. https://2gis.kz/almaty/firm/70030076164236970"
+7700000324,"Парковка №5033, Жетысуский, платная, мест: 20. https://2gis.kz/almaty/firm/70030076223371155"
+7700000325,"Парковка №5033, Жетысуский, платная, мест: 5. https://2gis.kz/almaty/firm/70030076994945802"
+7700000326,"Парковка №5033, Жетысуский, платная, мест: 10. https://2gis.kz/almaty/firm/70030076994947945"
+7700000327,"Парковка №5033, Жетысуский, платная, мест: 10. https://2gis.kz/almaty/firm/70030076994948074"
+7700000328,"Парковка №5033, Жетысуский, платная, мест: 12. https://2gis.kz/almaty/firm/70030076674109837"
+7700000329,"Парковка №5033, Жетысуский, бесплатная, мест: 10. https://2gis.kz/almaty/firm/70030076994941405"
+7700000330,"Парковка №5033, Жетысуский, платная, мест: 15. https://2gis.kz/almaty/firm/70030076994948410"
+7700000331,"Парковка №5033, Жетысуский, платная, мест: 10. https://2gis.kz/almaty/firm/70030076994948853"
+7700000332,"Парковка №5802, Жетысуский, платная, мест: 50. https://2gis.kz/almaty/firm/9430468308963282"
+7700000333,"Парковка №9003, Жетысуский, платная, мест: 150. https://2gis.kz/almaty/firm/9430468308963275"
+7700000334,"Парковка №1006, Медеуский, платная, мест: 185. https://2gis.kz/almaty/firm/70030076166361667"
+7700000335,"Паркинг №6001, Медеуский, платная, мест: 10. https://2gis.kz/almaty/firm/70030076994952485"
+7700000336,"Парковка №6001, Медеуский, платная, мест: 30. https://2gis.kz/almaty/firm/70030076139359997"
+7700000337,"Парковка №6001, Медеуский, платная, мест: 40. https://2gis.kz/almaty/firm/70030076139412906"
+7700000338,"Парковка №6001, Медеуский, платная, мест: 30. https://2gis.kz/almaty/firm/70030076139412959"
+7700000339,"Парковка №6001, Медеуский, платная, мест: 20. https://2gis.kz/almaty/firm/70030076162585102"
+7700000340,"Парковка №6001, Медеуский, платная, мест: 20. https://2gis.kz/almaty/firm/70030076196351627"
+7700000341,"Парковка №6001, Медеуский, платная, мест: 20. https://2gis.kz/almaty/firm/70030076994950997"
+7700000342,"Парковка №6001, Медеуский, платная, мест: 8. https://2gis.kz/almaty/firm/70030076994952058"
+7700000343,"Парковка №6001, Медеуский, платная, мест: 5. https://2gis.kz/almaty/firm/70030076994952720"
+7700000344,"Парковка №6001, Медеуский, платная, мест: 20. https://2gis.kz/almaty/firm/70030076994953739"
+7700000345,"Парковка №6001, Медеуский, платная, мест: 30. https://2gis.kz/almaty/firm/70030076139360042"
+7700000346,"Паркинг №6002, Медеуский, платная, мест: 15. https://2gis.kz/almaty/firm/70030076994954509"
+7700000347,"Парковка №6002, Медеуский, платная, мест: 25. https://2gis.kz/almaty/firm/70030076138974911"
+7700000348,"Парковка №6002, Медеуский, платная, мест: 15. https://2gis.kz/almaty/firm/70030076143860528"
+7700000349,"Парковка №6002, Медеуский, платная, мест: 15. https://2gis.kz/almaty/firm/70030076138927906"
+7700000350,"Парковка №6002, Медеуский, платная, мест: 15. https://2gis.kz/almaty/firm/70030076139470501"
+7700000351,"Парковка №6002, Медеуский, платная, мест: 20. https://2gis.kz/almaty/firm/70030076139470503"
+7700000352,"Парковка №6002, Медеуский, платная, мест: 25. https://2gis.kz/almaty/firm/70030076918603222"
+7700000353,"Парковка №6002, Медеуский, платная, мест: 25. https://2gis.kz/almaty/firm/9430468314134435"
+7700000354,"Парковка №6002, Медеуский, платная, мест: 15. https://2gis.kz/almaty/firm/9430468314135731"
+7700000355,"Парковка №6002, Медеуский, платная, мест: 15. https://2gis.kz/almaty/firm/70030076163739602"
+7700000356,"Парковка №6002, Медеуский, платная, мест: 12. https://2gis.kz/almaty/firm/70030076918603233"
+7700000357,"Парковка №6002, Медеуский, платная, мест: 10. https://2gis.kz/almaty/firm/70030076918603237"
+7700000358,"Парковка №6002, Медеуский, платная, мест: 6. https://2gis.kz/almaty/firm/70030076918603239"
+7700000359,"Парковка №6002, Медеуский, платная, мест: 25. https://2gis.kz/almaty/firm/70030076918603244"
+7700000360,"Парковка №6002, Медеуский, платная, мест: 25. https://2gis.kz/almaty/firm/70030076989070155"
+7700000361,"Парковка №6002, Медеуский, платная, мест: 5. https://2gis.kz/almaty/firm/70030076990916291"
+7700000362,"Парковка №6002, Медеуский, платная, мест: 20. https://2gis.kz/almaty/firm/70030076134331033"
+7700000363,"Парковка №6002, Медеуский, платная, мест: 5. https://2gis.kz/almaty/firm/70030076138973227"
+7700000364,"Парковка №6002, Медеуский, платная, мест: 15. https://2gis.kz/almaty/firm/70030076138974611"
+7700000365,"Парковка №6002, Медеуский, платная, мест: 15. https://2gis.kz/almaty/firm/70030076138975298"
+7700000366,"Парковка №6002, Медеуский, платная, мест: 25. https://2gis.kz/almaty/firm/70030076734264423"
+7700000367,"Парковка №6002, Медеуский, платная, мест: 25. https://2gis.kz/almaty/firm/70030076852284840"
+7700000368,"Парковка №6002, Медеуский, платная, мест: 15. https://2gis.kz/almaty/firm/70030076989019518"
+7700000369,"Парковка №6002, Медеуский, платная, мест: 10. https://2gis.kz/almaty/firm/70030076989045315"
+7700000370,"Парковка №6002, Медеуский, бесплатная, мест: 5. https://2gis.kz/almaty/firm/70030076990912378"
+7700000371,"Парковка №6002, Медеуский, платная, мест: 15. https://2gis.kz/almaty/firm/70030076139470444"
+7700000372,"Парковка №6011, Медеуский, платная, мест: 28. https://2gis.kz/almaty/firm/9430468281762109"
+7700000373,"Парковка №6011, Медеуский, платная, мест: 13. https://2gis.kz/almaty/firm/70030076326979909"
+7700000374,"Парковка №6011, Медеуский, платная, мест: 20. https://2gis.kz/almaty/firm/9430468281762108"
+7700000375,"Парковка №6011, Медеуский, платная, мест: 15. https://2gis.kz/almaty/firm/70030077056106931"
+7700000376,"Парковка №6011, Медеуский, платная, мест: 25. https://2gis.kz/almaty/firm/9430468309635384"
+7700000377,"Парковка №6011, Медеуский, платная, мест: 25. https://2gis.kz/almaty/firm/70030076130607990"
+7700000378,"Парковка №6011, Медеуский, платная, мест: 15. https://2gis.kz/almaty/firm/70030077053511512"
+7700000379,"Парковка №6011, Медеуский, платная, мест: 25. https://2gis.kz/almaty/firm/70030077053622510"
+7700000380,"Парковка №6011, Медеуский, платная, мест: 15. https://2gis.kz/almaty/firm/70030076216167774"
+7700000381,"Парковка №6011, Медеуский, платная, мест: 10. https://2gis.kz/almaty/firm/70030076216169121"
+7700000382,"Парковка №6011, Медеуский, платная, мест: 2. https://2gis.kz/almaty/firm/70030076283601228"
+7700000383,"Парковка №6011, Медеуский, платная, мест: 8. https://2gis.kz/almaty/firm/70030076283601231"
+7700000384,"Парковка №6011, Медеуский, платная, мест: 7. https://2gis.kz/almaty/firm/70030077056105686"
+7700000385,"Парковка №6011, Медеуский, платная, мест: 25. https://2gis.kz/almaty/firm/70030077125037944"
+7700000386,"Парковка №6011, Медеуский, платная, мест: 50. https://2gis.kz/almaty/firm/70030076191585219"
+7700000387,"Парковка №6011, Медеуский, платная, мест: 40. https://2gis.kz/almaty/firm/70030076990881157"
+7700000388,"Парковка №6011, Медеуский, платная, мест: 20. https://2gis.kz/almaty/firm/70030076216167462"
+7700000389,"Парковка №6011, Медеуский, платная, мест: 28. https://2gis.kz/almaty/firm/70030076479991974"
+7700000390,"Парковка №6011, Медеуский, платная, мест: 15. https://2gis.kz/almaty/firm/70030077053614073"
+7700000391,"Парковка №6011, Медеуский, платная, мест: 40. https://2gis.kz/almaty/firm/70030076133213137"
+7700000392,"Парковка №6011, Медеуский, платная, мест: 10. https://2gis.kz/almaty/firm/70030076793556106"
+7700000393,"парковка №6011, Медеуский, платная, мест: 25. https://2gis.kz/almaty/firm/70030076306349417"
+7700000394,"Парковка №6012, Медеуский, платная, мест: 10. https://2gis.kz/almaty/firm/70030076161304481"
+7700000395,"Парковка №6012, Медеуский, платная, мест: 5. https://2gis.kz/almaty/firm/9430468281762087"
+7700000396,"Парковка №6012, Медеуский, платная, мест: 30. https://2gis.kz/almaty/firm/70030076165588074"
+7700000397,"Парковка №6012, Медеуский, платная, мест: 20. https://2gis.kz/almaty/firm/70030076216156760"
+7700000398,"Парковка №6012, Медеуский, платная, мест: 40. https://2gis.kz/almaty/firm/70030076911464630"
+7700000399,"Парковка №6012, Медеуский, платная, мест: 5. https://2gis.kz/almaty/firm/70030076790981785"
+7700000400,"Парковка №6012, Медеуский, платная, мест: 10. https://2gis.kz/almaty/firm/70030076139450783"
+7700000401,"Парковка №6012, Медеуский, платная, мест: 25. https://2gis.kz/almaty/firm/70030076154459866"
+7700000402,"Парковка №6012, Медеуский, платная, мест: 10. https://2gis.kz/almaty/firm/70030076163752339"
+7700000403,"Парковка №6012, Медеуский, платная, мест: 10. https://2gis.kz/almaty/firm/70030076165589269"
+7700000404,"Парковка №6012, Медеуский, платная, мест: 9. https://2gis.kz/almaty/firm/70030076187717466"
+7700000405,"Парковка №6012, Медеуский, платная, мест: 6. https://2gis.kz/almaty/firm/70030076216157005"
+7700000406,"Парковка №6012, Медеуский, платная, мест: 7. https://2gis.kz/almaty/firm/70030076216157386"
+7700000407,"Парковка №6012, Медеуский, платная, мест: 10. https://2gis.kz/almaty/firm/70030076793541483"
+7700000408,"Парковка №6012, Медеуский, платная, мест: 5. https://2gis.kz/almaty/firm/70030076911415607"
+7700000409,"Парковка №6012, Медеуский, платная, мест: 10. https://2gis.kz/almaty/firm/70030076911424216"
+7700000410,"Парковка №6012, Медеуский, платная, мест: 15. https://2gis.kz/almaty/firm/70030077012131252"
+7700000411,"Парковка №6012, Медеуский, платная, мест: 5. https://2gis.kz/almaty/firm/70030077026460967"
+7700000412,"Парковка №6012, Медеуский, платная, мест: 10. https://2gis.kz/almaty/firm/70030076790981776"
+7700000413,"Парковка №6012, Медеуский, платная, мест: 10. https://2gis.kz/almaty/firm/70030076165589365"
+7700000414,"Парковка №6012, Медеуский, платная, мест: 8. https://2gis.kz/almaty/firm/70030076171547213"
+7700000415,"Парковка №6012, Медеуский, платная, мест: 10. https://2gis.kz/almaty/firm/70030076196397462"
+7700000416,"Парковка №6012, Медеуский, платная, мест: 6. https://2gis.kz/almaty/firm/70030076196397463"
+7700000417,"Парковка №6012, Медеуский, платная, мест: 12. https://2gis.kz/almaty/firm/70030076990905879"
+7700000418,"Парковка №6012, Медеуский, платная, мест: 10. https://2gis.kz/almaty/firm/70030076990907136"
+7700000419,"Парковка №6012, Медеуский, платная, мест: 15. https://2gis.kz/almaty/firm/70030076139455508"
+7700000420,"Парковка №6012, Медеуский, платная, мест: 10. https://2gis.kz/almaty/firm/70030076143860167"
+7700000421,"Парковка №6013, Медеуский, платная, мест: 50. https://2gis.kz/almaty/firm/70030076154482716"
+7700000422,"Парковка №6013, Медеуский, платная, мест: 25. https://2gis.kz/almaty/firm/9430468281762086"
+7700000423,"Парковка №6013, Медеуский, платная, мест: 20. https://2gis.kz/almaty/firm/9430468281762088"
+7700000424,"Парковка №6013, Медеуский, платная, мест: 7. https://2gis.kz/almaty/firm/70030076216170494"
+7700000425,"Парковка №6013, Медеуский, платная, мест: 8. https://2gis.kz/almaty/firm/70030076998131051"
+7700000426,"Парковка №6013, Медеуский, платная, мест: 10. https://2gis.kz/almaty/firm/70030076139028954"
+7700000427,"Парковка №6013, Медеуский, платная, мест: 10. https://2gis.kz/almaty/firm/70030076165792364"
+7700000428,"Парковка №6013, Медеуский, платная, мест: 10. https://2gis.kz/almaty/firm/70030076165792372"
+7700000429,"Парковка №6013, Медеуский, платная, мест: 10. https://2gis.kz/almaty/firm/70030076159887577"
+7700000430,"Парковка №6013, Медеуский, платная, мест: 15. https://2gis.kz/almaty/firm/70030076177901780"
+7700000431,"Парковка №6013, Медеуский, платная, мест: 15. https://2gis.kz/almaty/firm/70030076196447808"
+7700000432,"Парковка №6013, Медеуский, платная, мест: 10. https://2gis.kz/almaty/firm/70030076216170347"
+7700000433,"Парковка №6013, Медеуский, платная, мест: 17. https://2gis.kz/almaty/firm/70030076923337599"
+7700000434,"Парковка №6013, Медеуский, платная, мест: 15. https://2gis.kz/almaty/firm/70030076998665400"
+7700000435,"Парковка №6013, Медеуский, платная, мест: 35. https://2gis.kz/almaty/firm/70030076139036757"
+7700000436,"Парковка №6013, Медеуский, платная, мест: 15. https://2gis.kz/almaty/firm/70030076177901662"
+7700000437,"Парковка №6013, Медеуский, платная, мест: 30. https://2gis.kz/almaty/firm/70030076187717927"
+7700000438,"Парковка №6013, Медеуский, платная, мест: 15. https://2gis.kz/almaty/firm/70030076187718572"
+7700000439,"Парковка №6013, Медеуский, платная, мест: 15. https://2gis.kz/almaty/firm/70030076191632997"
+7700000440,"Парковка №6013, Медеуский, платная, мест: 5. https://2gis.kz/almaty/firm/70030076263188270"
+7700000441,"Парковка №6013, Медеуский, платная, мест: 3. https://2gis.kz/almaty/firm/70030077054097510"
+7700000442,"Парковка №6013, Медеуский, платная, мест: 15. https://2gis.kz/almaty/firm/70030076306412364"
+7700000443,"Парковка №6014, Медеуский, платная, мест: 15. https://2gis.kz/almaty/firm/70030076187693430"
+7700000444,"Парковка №6014, Медеуский, платная, мест: 10. https://2gis.kz/almaty/firm/70030076166361832"
+7700000445,"Парковка №6014, Медеуский, платная, мест: 15. https://2gis.kz/almaty/firm/70030076139412388"
+7700000446,"Парковка №6014, Медеуский, платная, мест: 15. https://2gis.kz/almaty/firm/70030076174199652"
+7700000447,"Парковка №6014, Медеуский, платная, мест: 15. https://2gis.kz/almaty/firm/70030076182090598"
+7700000448,"Парковка №6014, Медеуский, платная, мест: 10. https://2gis.kz/almaty/firm/70030076187693363"
+7700000449,"Парковка №6014, Медеуский, платная, мест: 17. https://2gis.kz/almaty/firm/70030076187717058"
+7700000450,"Парковка №6014, Медеуский, платная, мест: 30. https://2gis.kz/almaty/firm/70030076191585483"
+7700000451,"Парковка №6014, Медеуский, платная, мест: 30. https://2gis.kz/almaty/firm/70030076998765421"
+7700000452,"Парковка №6014, Медеуский, платная, мест: 10. https://2gis.kz/almaty/firm/70030076998812757"
+7700000453,"Парковка №6014, Медеуский, платная, мест: 10. https://2gis.kz/almaty/firm/70030076998813260"
+7700000454,"Парковка №6014, Медеуский, платная, мест: 20. https://2gis.kz/almaty/firm/70030077002360282"
+7700000455,"Парковка №6015, Медеуский, платная, мест: 15. https://2gis.kz/almaty/firm/70030076622771702"
+7700000456,"Парковка №6015, Медеуский, платная, мест: 10. https://2gis.kz/almaty/firm/70030076139412406"
+7700000457,"Парковка №6015, Медеуский, платная, мест: 25. https://2gis.kz/almaty/firm/70030076154459917"
+7700000458,"Парковка №6015, Медеуский, платная, мест: 20. https://2gis.kz/almaty/firm/70030076166337464"
+7700000459,"Парковка №6015, Медеуский, платная, мест: 25. https://2gis.kz/almaty/firm/70030076157507351"
+7700000460,"Парковка №6015, Медеуский, платная, мест: 4. https://2gis.kz/almaty/firm/70030076161321419"
+7700000461,"Парковка №6015, Медеуский, платная, мест: 15. https://2gis.kz/almaty/firm/70030076164085086"
+7700000462,"Парковка №6015, Медеуский, платная, мест: 25. https://2gis.kz/almaty/firm/70030076164085095"
+7700000463,"Парковка №6015, Медеуский, платная, мест: 40. https://2gis.kz/almaty/firm/70030076164085155"
+7700000464,"Парковка №6015, Медеуский, платная, мест: 40. https://2gis.kz/almaty/firm/70030076166397837"
+7700000465,"Парковка №6015, Медеуский, платная, мест: 15. https://2gis.kz/almaty/firm/70030076177933609"
+7700000466,"Парковка №6015, Медеуский, платная, мест: 20. https://2gis.kz/almaty/firm/70030076187715482"
+7700000467,"Парковка №6015, Медеуский, платная, мест: 20. https://2gis.kz/almaty/firm/70030076187717209"
+7700000468,"Парковка №6015, Медеуский, платная, мест: 15. https://2gis.kz/almaty/firm/70030076193260259"
+7700000469,"Парковка №6015, Медеуский, платная, мест: 3. https://2gis.kz/almaty/firm/70030076216154930"
+7700000470,"Парковка №6015, Медеуский, платная, мест: 15. https://2gis.kz/almaty/firm/70030076216155558"
+7700000471,"Парковка №6015, Медеуский, платная, мест: 15. https://2gis.kz/almaty/firm/70030076911428469"
+7700000472,"Парковка №6020, Медеуский, платная, мест: 10. https://2gis.kz/almaty/firm/9430468281762220"
+7700000473,"Парковка №6020, Медеуский, платная, мест: 7. https://2gis.kz/almaty/firm/70030076995497008"
+7700000474,"Парковка №6020, Медеуский, платная, мест: 8. https://2gis.kz/almaty/firm/70030076995497375"
+7700000475,"Парковка №6020, Медеуский, платная, мест: 10. https://2gis.kz/almaty/firm/70030076995497911"
+7700000476,"Парковка №6020, Медеуский, платная, мест: 8. https://2gis.kz/almaty/firm/70030076995498011"
+7700000477,"Парковка №6020, Медеуский, платная, мест: 30. https://2gis.kz/almaty/firm/70030076197148867"
+7700000478,"Парковка №6020, Медеуский, платная, мест: 5. https://2gis.kz/almaty/firm/70030076907091672"
+7700000479,"Парковка №6020, Медеуский, платная, мест: 40. https://2gis.kz/almaty/firm/70030076922549996"
+7700000480,"Парковка №6021, Медеуский, платная, мест: 10. https://2gis.kz/almaty/firm/70030076802343020"
+7700000481,"Парковка №6021, Медеуский, платная, мест: 10. https://2gis.kz/almaty/firm/70030077002313660"
+7700000482,"Парковка №6021, Медеуский, платная, мест: 20. https://2gis.kz/almaty/firm/9430468281762214"
+7700000483,"Парковка №6021, Медеуский, платная, мест: 15. https://2gis.kz/almaty/firm/70030076127504183"
+7700000484,"Парковка №6021, Медеуский, платная, мест: 10. https://2gis.kz/almaty/firm/70030076127729714"
+7700000485,"Парковка №6021, Медеуский, платная, мест: 5. https://2gis.kz/almaty/firm/70030076127731335"
+7700000486,"Парковка №6021, Медеуский, платная, мест: 15. https://2gis.kz/almaty/firm/70030076127751469"
+7700000487,"Парковка №6021, Медеуский, платная, мест: 10. https://2gis.kz/almaty/firm/70030076127752392"
+7700000488,"Парковка №6021, Медеуский, платная, мест: 8. https://2gis.kz/almaty/firm/70030076313392239"
+7700000489,"Парковка №6021, Медеуский, платная, мест: 10. https://2gis.kz/almaty/firm/70030076862642490"
+7700000490,"Парковка №6021, Медеуский, платная, мест: 10. https://2gis.kz/almaty/firm/70030076962674331"
+7700000491,"Парковка №6021, Медеуский, платная, мест: 10. https://2gis.kz/almaty/firm/70030076962674752"
+7700000492,"Парковка №6021, Медеуский, платная, мест: 15. https://2gis.kz/almaty/firm/70030076990915437"
+7700000493,"Парковка №6021, Медеуский, платная, мест: 5. https://2gis.kz/almaty/firm/70030077002104106"
+7700000494,"Парковка №6021, Медеуский, платная, мест: 15. https://2gis.kz/almaty/firm/70030077002104147"
+7700000495,"Парковка №6021, Медеуский, платная, мест: 15. https://2gis.kz/almaty/firm/70030077002104257"
+7700000496,"Парковка №6021, Медеуский, платная, мест: 10. https://2gis.kz/almaty/firm/70030077002104363"
+7700000497,"Парковка №6021, Медеуский, платная, мест: 15. https://2gis.kz/almaty/firm/70030077002104399"
+7700000498,"Парковка №6021, Медеуский, платная, мест: 15. https://2gis.kz/almaty/firm/70030077002104558"
+7700000499,"Парковка №6021, Медеуский, платная, мест: 25. https://2gis.kz/almaty/firm/70030076165473501"
+7700000500,"Парковка №6021, Медеуский, платная, мест: 20. https://2gis.kz/almaty/firm/70030076197152423"
+7700000501,"Парковка №6021, Медеуский, платная, мест: 50. https://2gis.kz/almaty/firm/70030076306349779"
+7700000502,"Парковка №6021, Медеуский, платная, мест: 50. https://2gis.kz/almaty/firm/70030076866905376"
+7700000503,"Парковка №6021, Медеуский, платная, мест: 20. https://2gis.kz/almaty/firm/70030076895882947"
+7700000504,"Парковка №6021, Медеуский, платная, мест: 20. https://2gis.kz/almaty/firm/70030077002312282"
+7700000505,"Парковка №6047, Медеуский, платная, мест: 10. https://2gis.kz/almaty/firm/70030076143862117"
+7700000506,"Парковка №6047, Медеуский, платная, мест: 35. https://2gis.kz/almaty/firm/70030076137341949"
+7700000507,"Парковка №6047, Медеуский, платная, мест: 20. https://2gis.kz/almaty/firm/70030076143862039"
+7700000508,"Парковка №6047, Медеуский, платная, мест: 15. https://2gis.kz/almaty/firm/70030076965941237"
+7700000509,"Парковка №6047, Медеуский, платная, мест: 20. https://2gis.kz/almaty/firm/70030076143861974"
+7700000510,"Парковка №6047, Медеуский, платная, мест: 10. https://2gis.kz/almaty/firm/70030076187669462"
+7700000511,"Парковка №6047, Медеуский, платная, мест: 10. https://2gis.kz/almaty/firm/70030076198202967"
+7700000512,"Парковка №6047, Медеуский, платная, мест: 10. https://2gis.kz/almaty/firm/70030076306427700"
+7700000513,"Парковка №6047, Медеуский, платная, мест: 10. https://2gis.kz/almaty/firm/70030076809228945"
+7700000514,"Парковка №6047, Медеуский, платная, мест: 20. https://2gis.kz/almaty/firm/70030076137566906"
+7700000515,"Парковка №6047, Медеуский, платная, мест: 30. https://2gis.kz/almaty/firm/70030076138234165"
+7700000516,"Парковка №6047, Медеуский, платная, мест: 20. https://2gis.kz/almaty/firm/70030076138234253"
+7700000517,"Парковка №6047, Медеуский, платная, мест: 7. https://2gis.kz/almaty/firm/70030076163580865"
+7700000518,"Парковка №6047, Медеуский, платная, мест: 40. https://2gis.kz/almaty/firm/70030076163593397"
+7700000519,"Парковка №6047, Медеуский, платная, мест: 15. https://2gis.kz/almaty/firm/70030076163593484"
+7700000520,"Парковка №6047, Медеуский, платная, мест: 50. https://2gis.kz/almaty/firm/70030076163628467"
+7700000521,"Парковка №6047, Медеуский, платная, мест: 20. https://2gis.kz/almaty/firm/70030076165361033"
+7700000522,"Парковка №6047, Медеуский, платная, мест: 10. https://2gis.kz/almaty/firm/70030076187114095"
+7700000523,"Парковка №6047, Медеуский, платная, мест: 15. https://2gis.kz/almaty/firm/70030076187668376"
+7700000524,"Парковка №6047, Медеуский, платная, мест: 20. https://2gis.kz/almaty/firm/70030076198202158"
+7700000525,"Парковка №6047, Медеуский, платная, мест: 10. https://2gis.kz/almaty/firm/70030076198292673"
+7700000526,"Парковка №6047, Медеуский, платная, мест: 15. https://2gis.kz/almaty/firm/70030076306349069"
+7700000527,"Парковка №6047, Медеуский, платная, мест: 15. https://2gis.kz/almaty/firm/70030076306353656"
+7700000528,"Парковка №6047, Медеуский, платная, мест: 70. https://2gis.kz/almaty/firm/9430468323868148"
+7700000529,"Парковка №6047, Медеуский, платная, мест: 70. https://2gis.kz/almaty/firm/70030076130881347"
+7700000530,"Парковка №6047, Медеуский, платная, мест: 25. https://2gis.kz/almaty/firm/70030076137335783"
+7700000531,"Парковка №6047, Медеуский, платная, мест: 10. https://2gis.kz/almaty/firm/70030076163101019"
+7700000532,"Парковка №6047, Медеуский, платная, мест: 45. https://2gis.kz/almaty/firm/70030076181395593"
+7700000533,"Парковка №6047, Медеуский, платная, мест: 8. https://2gis.kz/almaty/firm/70030076201791548"
+7700000534,"Парковка №6047, Медеуский, платная, мест: 10. https://2gis.kz/almaty/firm/70030076201806001"
+7700000535,"Парковка №6047, Медеуский, платная, мест: 15. https://2gis.kz/almaty/firm/70030076306353452"
+7700000536,"Парковка №6047, Медеуский, платная, мест: 20. https://2gis.kz/almaty/firm/70030076629763944"
+7700000537,"Парковка №6047, Медеуский, платная, мест: 30. https://2gis.kz/almaty/firm/70030076641075928"
+7700000538,"Парковка №6047, Медеуский, платная, мест: 15. https://2gis.kz/almaty/firm/70030076993457729"
+7700000539,"Парковка №6047, Медеуский, платная, мест: 15. https://2gis.kz/almaty/firm/70030077050904911"
+7700000540,"Парковка №6058, Медеуский, платная, мест: 30. https://2gis.kz/almaty/firm/9430468309635302"
+7700000541,"Парковка №6058, Медеуский, платная, мест: 50. https://2gis.kz/almaty/firm/9430468309635337"
+7700000542,"Парковка №6058, Медеуский, платная, мест: 40. https://2gis.kz/almaty/firm/70030076131489630"
+7700000543,"Парковка №6058, Медеуский, платная, мест: 14. https://2gis.kz/almaty/firm/70030077052967439"
+7700000544,"Парковка №6058, Медеуский, платная, мест: 20. https://2gis.kz/almaty/firm/70030076202640699"
+7700000545,"Парковка №6058, Медеуский, платная, мест: 15. https://2gis.kz/almaty/firm/70030076216166534"
+7700000546,"Парковка №6058, Медеуский, платная, мест: 12. https://2gis.kz/almaty/firm/70030076216166722"
+7700000547,"Парковка №6058, Медеуский, платная, мест: 10. https://2gis.kz/almaty/firm/70030076633347750"
+7700000548,"Парковка №6547, Медеуский, платная, мест: 30. https://2gis.kz/almaty/firm/70030076139338511"
+7700000549,"Парковка №6547, Медеуский, платная, мест: 15. https://2gis.kz/almaty/firm/70030076138755831"
+7700000550,"Парковка №6547, Медеуский, платная, мест: 30. https://2gis.kz/almaty/firm/9430468309635105"
+7700000551,"Парковка №6547, Медеуский, платная, мест: 30. https://2gis.kz/almaty/firm/9430468309635132"
+7700000552,"Парковка №6547, Медеуский, платная, мест: 30. https://2gis.kz/almaty/firm/9430468309635155"
+7700000553,"Парковка №6547, Медеуский, платная, мест: 15. https://2gis.kz/almaty/firm/9430468309635165"
+7700000554,"Парковка №6547, Медеуский, платная, мест: 30. https://2gis.kz/almaty/firm/9430468309635175"
+7700000555,"Парковка №6547, Медеуский, платная, мест: 10. https://2gis.kz/almaty/firm/70030076163042339"
+7700000556,"Парковка №6547, Медеуский, платная, мест: 10. https://2gis.kz/almaty/firm/70030076166363687"
+7700000557,"Парковка №6547, Медеуский, платная, мест: 30. https://2gis.kz/almaty/firm/9430468323868014"
+7700000558,"Парковка №6547, Медеуский, платная, мест: 15. https://2gis.kz/almaty/firm/9430468323868118"
+7700000559,"Парковка №6547, Медеуский, платная, мест: 30. https://2gis.kz/almaty/firm/70030076126899456"
+7700000560,"Парковка №6547, Медеуский, платная, мест: 10. https://2gis.kz/almaty/firm/70030076162586325"
+7700000561,"Парковка №6547, Медеуский, платная, мест: 15. https://2gis.kz/almaty/firm/70030076695579131"
+7700000562,"Парковка №6547, Медеуский, платная, мест: 10. https://2gis.kz/almaty/firm/70030076695591016"
+7700000563,"Парковка №6547, Медеуский, платная, мест: 30. https://2gis.kz/almaty/firm/9430468320749266"
+7700000564,"Парковка №6547, Медеуский, платная, мест: 20. https://2gis.kz/almaty/firm/70030076167709849"
+7700000565,"Парковка №6547, Медеуский, платная, мест: 4. https://2gis.kz/almaty/firm/70030076306354226"
+7700000566,"Парковка №9004, Медеуский, бесплатная, мест: 130. https://2gis.kz/almaty/firm/9430468281761853"
+7700000567,"Парковка №8046, Турксибский, платная, мест: 20. https://2gis.kz/almaty/firm/70030076738070532"
+7700000568,"Парковка №8046, Турксибский, платная, мест: 12. https://2gis.kz/almaty/firm/70030076306406595"
+7700000569,"Парковка №8046, Турксибский, платная, мест: 100. https://2gis.kz/almaty/firm/70030076149173783"
+7700000570,"Парковка №8046, Турксибский, платная, мест: 20. https://2gis.kz/almaty/firm/9430468323868175"
+7700000571,"Парковка №8046, Турксибский, платная, мест: 15. https://2gis.kz/almaty/firm/70030076306405465"
+7700000572,"Парковка №8046, Турксибский, платная, мест: 40. https://2gis.kz/almaty/firm/70030076306406484"
